INSERT IGNORE INTO PRODUCT (ProductID, ProductName, Quantity, ShelfLifeDays) VALUES
(1, 'Spinach', 4768, 168),
(2, 'Mango', 6827, 138),
(3, 'Banana', 9484, 134),
(4, 'Tomato', 8759, 111),
(5, 'Cabbage', 6798, 90),
(6, 'Potato', 7264, 180),
(7, 'Wheat', 8571, 240),
(8, 'Maize', 9300, 200),
(9, 'Rice', 7882, 210),
(10, 'Onion', 5432, 150),
(11, 'Garlic', 6291, 160),
(12, 'Carrot', 5324, 95),
(13, 'Cauliflower', 4876, 105),
(14, 'Brinjal', 6032, 98),
(15, 'Pumpkin', 7590, 185),
(16, 'Peas', 4312, 75),
(17, 'Green Chilli', 3892, 70),
(18, 'Cucumber', 4719, 65),
(19, 'Papaya', 4981, 92),
(20, 'Guava', 5137, 85),
(21, 'Apple', 6739, 190),
(22, 'Orange', 5920, 120),
(23, 'Lemon', 5082, 100),
(24, 'Ginger', 4284, 130),
(25, 'Turmeric', 6103, 300),
(26, 'Lettuce', 3721, 60),
(27, 'Beetroot', 4103, 80),
(28, 'Radish', 3912, 65),
(29, 'Sweet Potato', 4570, 150),
(30, 'Bitter Gourd', 3350, 50),
(31, 'Bottle Gourd', 3810, 55),
(32, 'Lady Finger', 4995, 75),
(33, 'Yam', 4055, 120),
(34, 'Pear', 4666, 140),
(35, 'Pineapple', 4221, 100),
(36, 'Jackfruit', 5390, 135),
(37, 'Watermelon', 6770, 95),
(38, 'Muskmelon', 6090, 85),
(39, 'Sapodilla', 3180, 105),
(40, 'Custard Apple', 3245, 90),
(41, 'Pomegranate', 5200, 130),
(42, 'Dragon Fruit', 4750, 125),
(43, 'Strawberry', 3880, 60),
(44, 'Blueberry', 2920, 50),
(45, 'Raspberry', 3100, 45),
(46, 'Blackberry', 3010, 50),
(47, 'Plum', 4135, 95),
(48, 'Peach', 4295, 85),
(49, 'Apricot', 3870, 90),
(50, 'Fig', 3430, 75),
(51, 'Lychee', 4080, 80),
(52, 'Longan', 3700, 78),
(53, 'Rambutan', 3620, 82),
(54, 'Persimmon', 3480, 88),
(55, 'Passion Fruit', 3340, 77),
(56, 'Avocado', 3550, 85),
(57, 'Coconut', 6020, 300),
(58, 'Taro', 4180, 130),
(59, 'Cassava', 4720, 150),
(60, 'Chickpea', 6200, 365),
(61, 'Lentil', 5880, 365),
(62, 'Black Gram', 5300, 365),
(63, 'Green Gram', 5250, 365),
(64, 'Kidney Bean', 5800, 365),
(65, 'Soybean', 6000, 365),
(66, 'Mustard', 5500, 365),
(67, 'Sunflower', 5700, 365),
(68, 'Sesame', 5400, 365),
(69, 'Groundnut', 6100, 360),
(70, 'Barley', 5850, 365),
(71, 'Sorghum', 6200, 365),
(72, 'Millet', 5600, 365),
(73, 'Oats', 5500, 365),
(74, 'Sugarcane', 8300, 200),
(75, 'Tea', 3700, 200),
(76, 'Coffee', 3900, 200),
(77, 'Rubber', 3100, 365),
(78, 'Cotton', 4200, 365),
(79, 'Jute', 4400, 365),
(80, 'Tobacco', 3000, 365),
(81, 'Betel Leaf', 2650, 20),
(82, 'Mint', 2750, 30),
(83, 'Coriander', 2850, 35),
(84, 'Basil', 2900, 25),
(85, 'Fenugreek', 2950, 60),
(86, 'Fennel', 3100, 90),
(87, 'Cumin', 3050, 120),
(88, 'Caraway', 3200, 100),
(89, 'Clove', 3300, 300),
(90, 'Cardamom', 3400, 300),
(91, 'Cinnamon', 3500, 300),
(92, 'Nutmeg', 3600, 300),
(93, 'Saffron', 3700, 300),
(94, 'Vanilla', 3800, 300),
(95, 'Honeydew', 4120, 90),
(96, 'Turnip', 4230, 75),
(97, 'Artichoke', 3100, 65),
(98, 'Asparagus', 3050, 55),
(99, 'Leek', 2990, 70),
(100, 'Rice', 6025, 159);

INSERT IGNORE INTO PRODUCT_VARIETY (ProductID, Variety) VALUES
(1, 'Desi Spinach'),
(2, 'Alphonso'),
(3, 'Cavendish'),
(4, 'Roma'),
(5, 'Green Cabbage'),
(6, 'Red Potato'),
(7, 'Durum'),
(8, 'Flint'),
(9, 'Basmati'),
(10, 'Red Onion'),
(11, 'White Garlic'),
(12, 'Baby Carrot'),
(13, 'Snowball'),
(14, 'Long Purple'),
(15, 'Sugar Pie'),
(16, 'Snow Peas'),
(17, 'Kanthari'),
(18, 'English Cucumber'),
(19, 'Red Lady'),
(20, 'Allahabad Safeda'),
(21, 'Fuji'),
(22, 'Nagpur Orange'),
(23, 'Kagzi'),
(24, 'Assam Ginger'),
(25, 'Erode Turmeric'),
(26, 'Romaine'),
(27, 'Detroit Dark Red'),
(28, 'Pusa Chetki'),
(29, 'Beauregard'),
(30, 'Arka Harit'),
(31, 'Pusa Naveen'),
(32, 'Arka Anamika'),
(33, 'White Yam'),
(34, 'Patharnakh'),
(35, 'Queen'),
(36, 'Khaja'),
(37, 'Sugar Baby'),
(38, 'Hara Madhu'),
(39, 'Kalipatti'),
(40, 'Hybrid Custard'),
(41, 'Bhagwa'),
(42, 'Pink Pitaya'),
(43, 'Nyoho'),
(44, 'Sharpblue'),
(45, 'Heritage'),
(46, 'Prime Ark'),
(47, 'Santa Rosa'),
(48, 'Red Haven'),
(49, 'Tilton'),
(50, 'Poona Fig'),
(51, 'Langsat'),
(52, 'Bredt'),
(53, 'Rambutan'),
(54, 'Shiranui'),
(55, 'Passion Royale'),
(56, 'Bacon'),
(57, 'Dwarf Coconut'),
(58, 'Taro Pusa'),
(59, 'Aduwa Cassava'),
(60, 'Desi Chickpea'),
(61, 'Pusa Masoor'),
(62, 'Desi Mung'),
(63, 'Mattar'),
(64, 'Barley Swift'),
(65, 'Sorghum CSH-9'),
(66, 'Pusa Millet'),
(67, 'Oats Avena'),
(68, 'Sugarcane Co 775'),
(69, 'Dandelion'),
(70, 'Wild Coffee'),
(71, 'Kentucky Bluegrass'),
(72, 'Giant Jute'),
(73, 'Carom'),
(74, 'White Mustard'),
(75, 'Sunflower P88'),
(76, 'Groundnut Prakash'),
(77, 'Black Seeded Cotton'),
(78, 'Bamboo'),
(79, 'Red Betel'),
(80, 'Krishna Mint'),
(81, 'Wild Coriander'),
(82, 'Holy Basil'),
(83, 'Spearmint'),
(84, 'Black Cumin'),
(85, 'Black Sesame'),
(86, 'Watermelon Yellow'),
(87, 'Cucumber Long'),
(88, 'Turnip Pink'),
(89, 'Asparagus Dwarf'),
(90, 'Leek Hardy'),
(91, 'Cantaloupe Musk'),
(92, 'Fennel Green'),
(93, 'Poppy Seed'),
(94, 'Wild Saffron'),
(95, 'Prickly Pear'),
(96, 'Fruits'),
(97, 'Golden Grape'),
(98, 'Honeydew Musk'),
(99, 'Olives Kalamata'),
(100, 'Jamaican Avocado');

INSERT IGNORE INTO PRODUCT_CATEGORY (ProductID, Category) VALUES
(1, 'Leafy Greens'),
(2, 'Tropical Fruits'),
(3, 'Tropical Fruits'),
(4, 'Fruits'),
(5, 'Leafy Greens'),
(6, 'Roots and Tubers'),
(7, 'Cereals'),
(8, 'Cereals'),
(9, 'Cereals'),
(10, 'Vegetables'),
(11, 'Vegetables'),
(12, 'Vegetables'),
(13, 'Vegetables'),
(14, 'Vegetables'),
(15, 'Fruits'),
(16, 'Legumes'),
(17, 'Spices'),
(18, 'Vegetables'),
(19, 'Tropical Fruits'),
(20, 'Tropical Fruits'),
(21, 'Temperate Fruits'),
(22, 'Citrus Fruits'),
(23, 'Citrus Fruits'),
(24, 'Spices'),
(25, 'Spices'),
(26, 'Leafy Greens'),
(27, 'Root Crops'),
(28, 'Leafy Greens'),
(29, 'Root Crops'),
(30, 'Root Crops'),
(31, 'Leafy Greens'),
(32, 'Leafy Greens'),
(33, 'Root Crops'),
(34, 'Vegetables'),
(35, 'Fruits'),
(36, 'Vegetables'),
(37, 'Fruits'),
(38, 'Fruits'),
(39, 'Vegetables'),
(40, 'Fruits'),
(41, 'Fruits'),
(42, 'Tropical Fruits'),
(43, 'Berries'),
(44, 'Berries'),
(45, 'Berries'),
(46, 'Berries'),
(47, 'Fruits'),
(48, 'Fruits'),
(49, 'Fruits'),
(50, 'Fruits'),
(51, 'Tropical Fruits'),
(52, 'Fruits'),
(53, 'Tropical Fruits'),
(54, 'Tropical Fruits'),
(55, 'Fruits'),
(56, 'Fruits'),
(57, 'Tropical Fruits'),
(58, 'Root Crops'),
(59, 'Root Crops'),
(60, 'Legumes'),
(61, 'Legumes'),
(62, 'Legumes'),
(63, 'Legumes'),
(64, 'Legumes'),
(65, 'Legumes'),
(66, 'Oilseeds'),
(67, 'Cereals'),
(68, 'Cereals'),
(69, 'Cereals'),
(70, 'Cereals'),
(71, 'Cereals'),
(72, 'Oilseeds'),
(73, 'Fiber Crops'),
(74, 'Spices'),
(75, 'Oilseeds'),
(76, 'Oilseeds'),
(77, 'Fiber Crops'),
(78, 'Fiber Crops'),
(79, 'Spices'),
(80, 'Spices'),
(81, 'Spices'),
(82, 'Spices'),
(83, 'Spices'),
(84, 'Spices'),
(85, 'Spices'),
(86, 'Vegetables'),
(87, 'Vegetables'),
(88, 'Vegetables'),
(89, 'Vegetables'),
(90, 'Vegetables'),
(91, 'Vegetables'),
(92, 'Vegetables'),
(93, 'Spices'),
(94, 'Spices'),
(95, 'Tropical Fruits'),
(96, 'Root Crops'),
(97, 'Root Crops'),
(98, 'Vegetables'),
(99, 'Fruits'),
(100, 'Fruits');

INSERT IGNORE INTO FARM_PRODUCT (FarmerID, ProductID, Quantity, ProductionDate) VALUES
(2, 1, 1000, '2025-03-15'),
(3, 2, 1500, '2025-03-12'),
(6, 3, 1200, '2025-03-14'),
(13, 4, 800, '2025-03-10'),
(15, 5, 1000, '2025-03-13'),
(22, 6, 2000, '2025-03-18'),
(26, 7, 1200, '2025-03-11'),
(28, 8, 1800, '2025-03-14'),
(32, 9, 1500, '2025-03-16'),
(40, 10, 1300, '2025-03-12'),
(46, 11, 1100, '2025-03-15'),
(53, 12, 1400, '2025-03-17'),
(54, 13, 1600, '2025-03-11'),
(61, 14, 900, '2025-03-19'),
(62, 15, 1300, '2025-03-20'),
(65, 16, 1500, '2025-03-16'),
(67, 17, 1000, '2025-03-14'),
(68, 18, 1800, '2025-03-18'),
(71, 19, 1100, '2025-03-13'),
(83, 20, 1200, '2025-03-17'),
(85, 21, 1300, '2025-03-15'),
(86, 22, 1400, '2025-03-12'),
(95, 23, 800, '2025-03-14');

INSERT IGNORE INTO FARM_PRODUCT_BATCH (Quantity, BatchDate, FarmerID, ProductID) VALUES
(200, '2025-03-15', 2, 1),
(250, '2025-03-12', 3, 2),
(300, '2025-03-14', 6, 3),
(150, '2025-03-10', 13, 4),
(200, '2025-03-13', 15, 5),
(400, '2025-03-18', 22, 6),
(350, '2025-03-11', 26, 7),
(500, '2025-03-14', 28, 8),
(450, '2025-03-16', 32, 9),
(300, '2025-03-12', 40, 10),
(250, '2025-03-15', 46, 11),
(300, '2025-03-17', 53, 12),
(400, '2025-03-11', 54, 13),
(350, '2025-03-19', 61, 14),
(250, '2025-03-20', 62, 15),
(300, '2025-03-16', 65, 16),
(200, '2025-03-14', 67, 17),
(500, '2025-03-18', 68, 18),
(400, '2025-03-13', 71, 19),
(350, '2025-03-17', 83, 20),
(300, '2025-03-15', 85, 21),
(200, '2025-03-12', 86, 22),
(150, '2025-03-14', 95, 23);