--SQLEND
INSERT INTO PRODUCT_CATEGORY_T (CategoryName) VALUES
('Pome Fruits'),
('Stone Fruits'),
('Berries'),
('Citrus Fruits'),
('Tropical Fruits'),
('Leafy Greens'),
('Root Vegetables'),
('Nightshade Vegetables'),
('Cruciferous Vegetables'),
('Alliums'),
('Grains'),
('Legumes'),
('Nuts'),
('Herbs'),
('Melons');
--SQLEND
INSERT INTO PRODUCT_VARIETY_T (VarietyName, CategoryID) VALUES
('Honeycrisp', 1),
('Gala', 1),
('Granny Smith', 1),
('Fuji', 1),
('Bartlett Pear', 1),
('Bosc Pear', 1),
('Peach', 2),
('Nectarine', 2),
('Plum', 2),
('Cherry', 2),
('Apricot', 2),
('Strawberry', 3),
('Blueberry', 3),
('Raspberry', 3),
('Blackberry', 3),
('Cranberry', 3),
('Navel Orange', 4),
('Blood Orange', 4),
('Meyer Lemon', 4),
('Lime', 4),
('Grapefruit', 4),
('Mandarin', 4),
('Mango', 5),
('Banana', 5),
('Pineapple', 5),
('Papaya', 5),
('Avocado', 5),
('Kiwi', 5),
('Spinach', 6),
('Kale', 6),
('Romaine Lettuce', 6),
('Arugula', 6),
('Swiss Chard', 6),
('Russet Potato', 7),
('Sweet Potato', 7),
('Carrot', 7),
('Radish', 7),
('Beet', 7),
('Turnip', 7),
('Roma Tomato', 8),
('Cherry Tomato', 8),
('Bell Pepper', 8),
('Jalapeño', 8),
('Eggplant', 8),
('Broccoli', 9),
('Cauliflower', 9),
('Brussels Sprouts', 9),
('Cabbage', 9),
('Kohlrabi', 9),
('Onion', 10),
('Garlic', 10),
('Shallot', 10),
('Leek', 10),
('Chives', 10),
('Wheat', 11),
('Rice', 11),
('Corn', 11),
('Oats', 11),
('Quinoa', 11),
('Black Bean', 12),
('Pinto Bean', 12),
('Lentil', 12),
('Chickpea', 12),
('Snow Pea', 12),
('Almond', 13),
('Walnut', 13),
('Pecan', 13),
('Pistachio', 13),
('Cashew', 13),
('Basil', 14),
('Cilantro', 14),
('Mint', 14),
('Rosemary', 14),
('Thyme', 14),
('Watermelon', 15),
('Cantaloupe', 15),
('Honeydew', 15),
('Canary Melon', 15),
('Galia Melon', 15);
--SQLEND
INSERT INTO PRODUCT_SEASONALITY_T (SeasonalityName) VALUES
('Year-round'),
('Spring'),
('Summer'),
('Fall'),
('Winter'),
('Spring-Summer'),
('Summer-Fall'),
('Fall-Winter'),
('Winter-Spring');
--SQLEND
INSERT INTO PRODUCT_T (ProductName, Quantity, ShelfLifeDays, VarietyID, SeasonalityID) VALUES
('Organic Honeycrisp', 500, 30, 1, 4),
('Conventional Gala', 750, 28, 2, 4),
('Organic Granny Smith', 450, 35, 3, 1),
('Fuji', 600, 32, 4, 4),
('Organic Bartlett Pear', 400, 25, 5, 7),
('Bosc Pear', 350, 26, 6, 4),
('Organic Peach', 300, 12, 7, 3),
('Nectarine', 320, 10, 8, 3),
('Black Plum', 280, 14, 9, 3),
('Organic Cherries', 200, 7, 10, 3),
('Turkish Apricot', 230, 10, 11, 6),
('Organic Strawberries', 350, 7, 12, 2),
('Wild Blueberries', 280, 10, 13, 3),
('Organic Raspberries', 220, 5, 14, 3),
('Blackberries', 200, 6, 15, 3),
('Dried Cranberries', 150, 180, 16, 1),
('Navel Orange', 500, 21, 17, 8),
('Blood Orange', 300, 18, 18, 5),
('Meyer Lemon', 400, 25, 19, 5),
('Key Lime', 350, 20, 20, 6),
('Ruby Red Grapefruit', 400, 28, 21, 5),
('Clementine Mandarin', 450, 22, 22, 5),
('Ataulfo Mango', 300, 14, 23, 6),
('Cavendish Banana', 600, 7, 24, 1),
('Golden Pineapple', 250, 10, 25, 1),
('Hawaiian Papaya', 180, 12, 26, 1),
('Hass Avocado', 400, 8, 27, 1),
('Golden Kiwi', 300, 14, 28, 1),
('Baby Spinach', 200, 8, 29, 1),
('Lacinato Kale', 180, 10, 30, 1),
('Organic Romaine Hearts', 220, 12, 31, 1),
('Wild Arugula', 160, 7, 32, 1),
('Rainbow Swiss Chard', 140, 9, 33, 2),
('Idaho Russet Potato', 700, 60, 34, 1),
('Organic Sweet Potato', 500, 45, 35, 1),
('Rainbow Carrots', 400, 30, 36, 1),
('French Breakfast Radish', 250, 14, 37, 2),
('Red Bull''s Eye Beet', 300, 21, 38, 4),
('Purple Top Turnip', 250, 28, 39, 8),
('San Marzano Tomato', 350, 14, 40, 3),
('Sungold Cherry Tomato', 300, 10, 41, 3),
('Tricolor Bell Peppers', 400, 14, 42, 3),
('Jalapeño', 250, 21, 43, 3),
('Italian Eggplant', 280, 14, 44, 3),
('Organic Broccoli', 320, 12, 45, 1),
('Romanesco Cauliflower', 200, 14, 46, 8),
('Brussels Sprouts', 250, 21, 47, 4),
('Red Cabbage', 350, 45, 48, 4),
('Purple Kohlrabi', 180, 21, 49, 6),
('Spanish Onion', 500, 45, 50, 1),
('Elephant Garlic', 300, 90, 51, 1),
('French Shallot', 250, 60, 52, 1),
('Organic Leek', 200, 21, 53, 8),
('Fresh Chives', 150, 14, 54, 6),
('Hard Red Wheat', 400, 365, 55, 1),
('Jasmine Rice', 600, 365, 56, 1),
('Organic Sweet Corn', 450, 10, 57, 3),
('Steel Cut Oats', 350, 365, 58, 1),
('Tricolor Quinoa', 300, 365, 59, 1),
('Organic Black Bean', 350, 730, 60, 1),
('Pinto Bean', 400, 730, 61, 1),
('Red Lentil', 380, 730, 62, 1),
('Organic Chickpea', 420, 730, 63, 1),
('Sugar Snap Pea', 250, 10, 64, 2),
('Raw Almond', 300, 180, 65, 1),
('English Walnut', 250, 150, 66, 1),
('Georgia Pecan', 200, 180, 67, 1),
('Roasted Pistachio', 270, 120, 68, 1),
('Organic Cashew', 220, 150, 69, 1),
('Sweet Basil', 180, 7, 70, 6),
('Fresh Cilantro', 200, 7, 71, 1),
('Spearmint', 150, 10, 72, 6),
('Dried Rosemary', 100, 180, 73, 1),
('Fresh Thyme', 120, 14, 74, 1),
('Seedless Watermelon', 200, 14, 75, 3),
('Organic Cantaloupe', 180, 10, 76, 3),
('Honeydew', 160, 14, 77, 3),
('Canary Melon', 140, 14, 78, 3),
('Galia Melon', 150, 10, 79, 3),
('Pink Lady Apple', 380, 35, 1, 4),
('Organic Anjou Pear', 320, 28, 5, 7),
('White Nectarine', 280, 10, 8, 3),
('Yellow Peach', 300, 12, 7, 3),
('Bing Cherry', 240, 7, 10, 3),
('Organic Blueberry', 260, 10, 13, 3),
('Valencia Orange', 420, 24, 17, 4),
('Organic Lemon', 350, 25, 19, 1),
('Green Cabbage', 380, 45, 48, 1),
('Yellow Onion', 450, 45, 50, 1),
('White Potato', 650, 60, 34, 1),
('Orange Carrot', 380, 30, 36, 1),
('Beefsteak Tomato', 320, 14, 40, 3),
('Green Bell Pepper', 330, 14, 42, 3),
('Basmati Rice', 550, 365, 56, 1),
('Brown Lentil', 370, 730, 62, 1),
('Fresh Mint', 140, 10, 72, 6),
('Dried Thyme', 110, 180, 74, 1);
--SQLEND
INSERT IGNORE INTO FARM_PRODUCT_T (FarmerID, ProductID, Quantity, ProductionDate) VALUES
(2, 1, 1000, '2025-03-15'),
(3, 2, 1500, '2025-03-12'),
(6, 3, 1200, '2025-03-14'),
(13, 4, 800, '2025-03-10'),
(15, 5, 1000, '2025-03-13'),
(22, 6, 2000, '2025-03-18'),
(26, 7, 1200, '2025-03-11'),
(28, 8, 1800, '2025-03-14'),
(32, 9, 1500, '2025-03-16'),
(40, 10, 1300, '2025-03-12'),
(46, 11, 1100, '2025-03-15'),
(53, 12, 1400, '2025-03-17'),
(54, 13, 1600, '2025-03-11'),
(61, 14, 900, '2025-03-19'),
(62, 15, 1300, '2025-03-20'),
(65, 16, 1500, '2025-03-16'),
(67, 17, 1000, '2025-03-14'),
(68, 18, 1800, '2025-03-18'),
(71, 19, 1100, '2025-03-13'),
(83, 20, 1200, '2025-03-17'),
(85, 21, 1300, '2025-03-15'),
(86, 22, 1400, '2025-03-12'),
(95, 23, 800, '2025-03-14');
--SQLEND
INSERT IGNORE INTO FARM_PRODUCT_BATCH_T (Quantity, BatchDate, FarmerID, ProductID) VALUES
(200, '2025-03-15', 2, 1),
(250, '2025-03-12', 3, 2),
(300, '2025-03-14', 6, 3),
(150, '2025-03-10', 13, 4),
(200, '2025-03-13', 15, 5),
(400, '2025-03-18', 22, 6),
(350, '2025-03-11', 26, 7),
(500, '2025-03-14', 28, 8),
(450, '2025-03-16', 32, 9),
(300, '2025-03-12', 40, 10),
(250, '2025-03-15', 46, 11),
(300, '2025-03-17', 53, 12),
(400, '2025-03-11', 54, 13),
(350, '2025-03-19', 61, 14),
(250, '2025-03-20', 62, 15),
(300, '2025-03-16', 65, 16),
(200, '2025-03-14', 67, 17),
(500, '2025-03-18', 68, 18),
(400, '2025-03-13', 71, 19),
(350, '2025-03-17', 83, 20),
(300, '2025-03-15', 85, 21),
(200, '2025-03-12', 86, 22),
(150, '2025-03-14', 95, 23);
--SQLEND